modelo,precision_0,recall_0,f1_0,precision_1,recall_1,f1_1,macro_f1,accuracy
baseline_threshold,0.3073083778966132,0.6718628215120811,0.4217221135029354,0.9414871438498957,0.7771022140644718,0.8514328808446455,0.6365774971737905,0.7636
baseline_class_weight,0.3052668052668053,0.686671862821512,0.42264331974094504,0.9434917064942367,0.769989675347023,0.8479565409639316,0.6352999303524383,0.7593
baseline_rus,0.30718270571827055,0.686671862821512,0.4244760298723199,0.9436343241727426,0.7720546059424114,0.8492649378509685,0.6368704838616441,0.7611
