{"accuracy": [0.8554999828338623, 0.8715312480926514, 0.8721562623977661, 0.8714062571525574, 0.8720937371253967, 0.8716562390327454, 0.8716250061988831, 0.8718125224113464, 0.8723124861717224, 0.8727187514305115, 0.8721874952316284, 0.8722187280654907, 0.8731874823570251, 0.8721250295639038, 0.8717812299728394, 0.8726249933242798, 0.8727499842643738, 0.8733437657356262, 0.8733124732971191, 0.8724374771118164, 0.8731250166893005], "loss": [0.38834646344184875, 0.3497450649738312, 0.3418462574481964, 0.33899521827697754, 0.3364691436290741, 0.3343457281589508, 0.3325333595275879, 0.33185097575187683, 0.33100050687789917, 0.33006322383880615, 0.3307074010372162, 0.32930511236190796, 0.32957127690315247, 0.3298240602016449, 0.3293258547782898, 0.3287694752216339, 0.32839104533195496, 0.3276360034942627, 0.32799088954925537, 0.3276197016239166, 0.3272131085395813], "val_accuracy": [0.871874988079071, 0.871749997138977, 0.8731250166893005, 0.871999979019165, 0.8727499842643738, 0.871999979019165, 0.871874988079071, 0.871749997138977, 0.8725000023841858, 0.871874988079071, 0.871749997138977, 0.8723750114440918, 0.871874988079071, 0.8721250295639038, 0.871999979019165, 0.871874988079071, 0.8728749752044678, 0.8726249933242798, 0.8723750114440918, 0.8723750114440918, 0.8725000023841858], "val_loss": [0.3394252359867096, 0.3332982659339905, 0.33089834451675415, 0.32967376708984375, 0.32874318957328796, 0.3295288383960724, 0.32832133769989014, 0.327888548374176, 0.32763200998306274, 0.3272227942943573, 0.3269234299659729, 0.32796844840049744, 0.3270883560180664, 0.3280796706676483, 0.32746437191963196, 0.326979398727417, 0.32743293046951294, 0.3284364342689514, 0.3269929885864258, 0.32762107253074646, 0.3286129832267761]}