{"accuracy": [0.6376110911369324, 0.6785555481910706, 0.7089722156524658, 0.7281666398048401, 0.7429999709129333, 0.750333309173584, 0.7536666393280029, 0.7557777762413025, 0.7570555806159973, 0.7577499747276306, 0.75855553150177, 0.7590555548667908, 0.7599999904632568, 0.7586666941642761, 0.7589166760444641, 0.7597500085830688, 0.7581666707992554, 0.7590000033378601, 0.7596111297607422, 0.7597777843475342, 0.7596389055252075, 0.7592222094535828, 0.7592222094535828, 0.7582499980926514, 0.7591666579246521, 0.7592222094535828, 0.7591666579246521, 0.7595555782318115, 0.7594166398048401, 0.7597500085830688, 0.7580000162124634, 0.7592777609825134, 0.7584999799728394, 0.7582499980926514, 0.75855553150177, 0.7593333125114441, 0.7593333125114441, 0.7589444518089294, 0.758472204208374, 0.7590277791023254, 0.758305549621582, 0.7590833306312561, 0.7585277557373047, 0.7591388821601868, 0.7588055729866028, 0.75855553150177, 0.7585833072662354, 0.7591388821601868, 0.7584166526794434], "loss": [0.8525335788726807, 0.7737146615982056, 0.7466824054718018, 0.7179985642433167, 0.7018356323242188, 0.6856305599212646, 0.6730524897575378, 0.662057638168335, 0.6530830264091492, 0.6429819464683533, 0.6350939869880676, 0.6285427808761597, 0.6225800514221191, 0.6188956499099731, 0.6155748963356018, 0.608340859413147, 0.6069208383560181, 0.6036505699157715, 0.6007832288742065, 0.5973700284957886, 0.5941998362541199, 0.5926271080970764, 0.5922704339027405, 0.5921223759651184, 0.5901285409927368, 0.5914245247840881, 0.588567852973938, 0.5896273255348206, 0.5872887372970581, 0.5863269567489624, 0.5847844481468201, 0.5855990648269653, 0.5849171876907349, 0.5855209231376648, 0.5848999619483948, 0.583862841129303, 0.5829324126243591, 0.5831609964370728, 0.5833346843719482, 0.5845300555229187, 0.5821192860603333, 0.5834027528762817, 0.5818613767623901, 0.5841829776763916, 0.5810913443565369, 0.5827309489250183, 0.5822713971138, 0.5814194083213806, 0.5832599401473999], "val_accuracy": [0.6660000085830688, 0.7377499938011169, 0.7402499914169312, 0.7515000104904175, 0.7562500238418579, 0.7587500214576721, 0.7587500214576721, 0.7590000033378601, 0.7592499852180481, 0.7595000267028809, 0.7595000267028809, 0.7595000267028809, 0.7595000267028809, 0.7595000267028809, 0.7595000267028809, 0.7595000267028809, 0.7592499852180481, 0.7595000267028809, 0.7595000267028809, 0.7595000267028809, 0.7595000267028809, 0.7592499852180481, 0.7592499852180481, 0.7592499852180481, 0.7590000033378601, 0.7590000033378601, 0.7592499852180481, 0.7592499852180481, 0.7592499852180481, 0.7590000033378601, 0.7590000033378601, 0.7584999799728394, 0.7590000033378601, 0.7590000033378601, 0.7587500214576721, 0.7587500214576721, 0.7590000033378601, 0.7590000033378601, 0.7590000033378601, 0.7590000033378601, 0.7590000033378601, 0.7590000033378601, 0.7590000033378601, 0.7590000033378601, 0.7590000033378601, 0.7590000033378601, 0.7590000033378601, 0.7590000033378601, 0.7590000033378601], "val_loss": [0.8070871233940125, 0.7330147624015808, 0.7263432145118713, 0.6904176473617554, 0.6922762989997864, 0.6652796268463135, 0.6480737328529358, 0.6509189009666443, 0.6229844093322754, 0.6169589757919312, 0.6228584051132202, 0.6077479720115662, 0.6058176159858704, 0.6018761992454529, 0.61698979139328, 0.5810353755950928, 0.5996455550193787, 0.5845451951026917, 0.5910323858261108, 0.5847113132476807, 0.5858617424964905, 0.5790184140205383, 0.577999472618103, 0.5839561223983765, 0.5872104167938232, 0.579606294631958, 0.5880489945411682, 0.5767627954483032, 0.5757846236228943, 0.5841493010520935, 0.5838862657546997, 0.577573835849762, 0.5800104141235352, 0.5798381567001343, 0.5814338326454163, 0.5805590152740479, 0.5800167322158813, 0.5795390009880066, 0.5789467692375183, 0.5795597434043884, 0.5788831114768982, 0.5786582231521606, 0.5789983868598938, 0.5796080827713013, 0.5801536440849304, 0.5802834630012512, 0.5801174640655518, 0.5796930193901062, 0.5796129107475281], "learning_rate": [0.0010000000474974513, 0.0010000000474974513, 0.0010000000474974513, 0.0010000000474974513, 0.0010000000474974513, 0.0010000000474974513, 0.0010000000474974513, 0.0010000000474974513, 0.0010000000474974513, 0.0010000000474974513, 0.0010000000474974513, 0.0010000000474974513, 0.0010000000474974513, 0.0010000000474974513, 0.0010000000474974513, 0.0010000000474974513, 0.0010000000474974513, 0.0010000000474974513, 0.0010000000474974513, 0.0004000000189989805, 0.0004000000189989805, 0.0004000000189989805, 0.0004000000189989805, 0.0004000000189989805, 0.0004000000189989805, 0.0004000000189989805, 0.00016000001050997525, 0.00016000001050997525, 0.00016000001050997525, 0.00016000001050997525, 0.00016000001050997525, 0.00016000001050997525, 6.400000711437315e-05, 6.400000711437315e-05, 6.400000711437315e-05, 2.5600002118153498e-05, 2.5600002118153498e-05, 2.5600002118153498e-05, 1.0240000847261399e-05, 1.0240000847261399e-05, 1.0240000847261399e-05, 4.09600033890456e-06, 4.09600033890456e-06, 4.09600033890456e-06, 1.6384001355618238e-06, 1.6384001355618238e-06, 1.6384001355618238e-06, 9.999999974752427e-07, 9.999999974752427e-07]}