{"accuracy": [0.6721075177192688, 0.7460513114929199, 0.7750729918479919, 0.7923452854156494, 0.8009990453720093, 0.8048334121704102, 0.8072255253791809, 0.8081049919128418, 0.8076124787330627, 0.8085622787475586, 0.8106729388237, 0.8085622787475586, 0.8099693655967712, 0.8077532052993774, 0.8100045919418335, 0.8093713521957397, 0.8105674386024475, 0.8102508187294006, 0.8095120787620544, 0.8112006187438965, 0.8112709522247314, 0.8120096921920776, 0.8119041919708252, 0.8109895586967468, 0.811235785484314, 0.811728298664093, 0.8107081055641174, 0.8115172386169434, 0.8114820122718811, 0.8107784986495972, 0.8113765120506287, 0.8115172386169434, 0.8109192252159119, 0.8113061785697937, 0.8110950589179993, 0.8117634654045105], "loss": [0.809133768081665, 0.7222370505332947, 0.6880049705505371, 0.6663524508476257, 0.6459074020385742, 0.6322299838066101, 0.6159536838531494, 0.6055949926376343, 0.5971581935882568, 0.5878151059150696, 0.5830555558204651, 0.5765578746795654, 0.5713893175125122, 0.569575309753418, 0.5650257468223572, 0.5629363059997559, 0.5607551336288452, 0.5603564381599426, 0.5556640625, 0.5533861517906189, 0.5511636137962341, 0.548551082611084, 0.5476871728897095, 0.5454667210578918, 0.5439651608467102, 0.5442399382591248, 0.544356644153595, 0.5432966351509094, 0.5427414178848267, 0.5421543717384338, 0.542883574962616, 0.5436453819274902, 0.5434137582778931, 0.542116641998291, 0.542329728603363, 0.5423957705497742], "val_accuracy": [0.7837923169136047, 0.7923393249511719, 0.7977207899093628, 0.80405193567276, 0.8043684959411621, 0.8069009184837341, 0.8059512376785278, 0.8075340390205383, 0.8072174787521362, 0.8072174787521362, 0.8072174787521362, 0.8072174787521362, 0.8072174787521362, 0.8075340390205383, 0.8069009184837341, 0.8075340390205383, 0.8072174787521362, 0.8059512376785278, 0.8069009184837341, 0.8072174787521362, 0.8062677979469299, 0.8069009184837341, 0.8072174787521362, 0.8075340390205383, 0.8069009184837341, 0.8069009184837341, 0.8069009184837341, 0.8069009184837341, 0.8069009184837341, 0.8069009184837341, 0.8072174787521362, 0.8069009184837341, 0.8072174787521362, 0.8069009184837341, 0.8069009184837341, 0.8069009184837341], "val_loss": [0.7008242607116699, 0.6726714372634888, 0.6575708389282227, 0.6518629789352417, 0.64058518409729, 0.6153022646903992, 0.6159080862998962, 0.5731539130210876, 0.5675137639045715, 0.5837888121604919, 0.563241720199585, 0.5692864656448364, 0.5590447783470154, 0.5609156489372253, 0.570749819278717, 0.5397787094116211, 0.5599129796028137, 0.5822253227233887, 0.5559574961662292, 0.5476313233375549, 0.5485585331916809, 0.543437659740448, 0.5514692068099976, 0.5436447858810425, 0.5437147617340088, 0.544984757900238, 0.5424598455429077, 0.5451188683509827, 0.5441872477531433, 0.5451479554176331, 0.5455754399299622, 0.5458658337593079, 0.5436516404151917, 0.5443195700645447, 0.5447739362716675, 0.544705867767334], "learning_rate": [0.0010000000474974513, 0.0010000000474974513, 0.0010000000474974513, 0.0010000000474974513, 0.0010000000474974513, 0.0010000000474974513, 0.0010000000474974513, 0.0010000000474974513, 0.0010000000474974513, 0.0010000000474974513, 0.0010000000474974513, 0.0010000000474974513, 0.0010000000474974513, 0.0010000000474974513, 0.0010000000474974513, 0.0010000000474974513, 0.0010000000474974513, 0.0010000000474974513, 0.0010000000474974513, 0.0004000000189989805, 0.0004000000189989805, 0.0004000000189989805, 0.00016000001050997525, 0.00016000001050997525, 0.00016000001050997525, 6.400000711437315e-05, 6.400000711437315e-05, 6.400000711437315e-05, 2.5600002118153498e-05, 2.5600002118153498e-05, 2.5600002118153498e-05, 1.0240000847261399e-05, 1.0240000847261399e-05, 1.0240000847261399e-05, 4.09600033890456e-06, 4.09600033890456e-06]}